Type,Title,Details,Description,Hashtags
45-Min Video,Mastering Young boy carving human on tree: 45-Minute Deep Dive,ðŸ”¥ Hook & Big Promise (5 min) | ðŸ“š Background & Context (10 min) | ðŸ›  Core Techniques Explained (15 min) | ðŸš€ Advanced Strategies (10 min) | ðŸŽ¯ Final Action Plan & Call To Action (5 min),This deep 45-minute session reveals powerful strategies about Young boy carving human on tree to help you dominate your space.,#Youngboycarvinghumanontree #AlgorithmBoost #Trending #NextLevel #ViralNow
45-Min Video,Mastering Young boy carving human on tree: 45-Minute Deep Dive,ðŸ”¥ Hook & Big Promise (5 min) | ðŸ“š Background & Context (10 min) | ðŸ›  Core Techniques Explained (15 min) | ðŸš€ Advanced Strategies (10 min) | ðŸŽ¯ Final Action Plan & Call To Action (5 min),This deep 45-minute session reveals powerful strategies about Young boy carving human on tree to help you dominate your space.,#Youngboycarvinghumanontree #ExplosiveGrowth #ViralNow #NextLevel #AlgorithmBoost
20-Second Reel,20-Second Young boy carving human on tree Hack That Changes Everything,0-3s: Powerful Hook | 3-10s: Quick Insight | 10-17s: Fast Demonstration | 17-20s: Strong Call To Action,A fast 20-second reel delivering instant value about Young boy carving human on tree.,#Youngboycarvinghumanontree #Trending #ExplosiveGrowth #NextLevel #ContentKing
20-Second Reel,20-Second Young boy carving human on tree Hack That Changes Everything,0-3s: Powerful Hook | 3-10s: Quick Insight | 10-17s: Fast Demonstration | 17-20s: Strong Call To Action,A fast 20-second reel delivering instant value about Young boy carving human on tree.,#Youngboycarvinghumanontree #ContentKing #NextLevel #Trending #ExplosiveGrowth
20-Second Reel,20-Second Young boy carving human on tree Hack That Changes Everything,0-3s: Powerful Hook | 3-10s: Quick Insight | 10-17s: Fast Demonstration | 17-20s: Strong Call To Action,A fast 20-second reel delivering instant value about Young boy carving human on tree.,#Youngboycarvinghumanontree #NextLevel #Dominate #AlgorithmBoost #ContentKing
20-Second Reel,20-Second Young boy carving human on tree Hack That Changes Everything,0-3s: Powerful Hook | 3-10s: Quick Insight | 10-17s: Fast Demonstration | 17-20s: Strong Call To Action,A fast 20-second reel delivering instant value about Young boy carving human on tree.,#Youngboycarvinghumanontree #Trending #ViralNow #NextLevel #AlgorithmBoost
Image with Riddle,"I grow in Young boy carving human on tree, yet I have no roots. I inspire millions but have no voice. What am I?",Can you solve this Young boy carving human on tree riddle? Drop your answer below!,Engagement boosting riddle post.,#Youngboycarvinghumanontree #ExplosiveGrowth #Dominate #ViralNow #Trending
Image with Riddle,"I grow in Young boy carving human on tree, yet I have no roots. I inspire millions but have no voice. What am I?",Can you solve this Young boy carving human on tree riddle? Drop your answer below!,Engagement boosting riddle post.,#Youngboycarvinghumanontree #ExplosiveGrowth #ContentKing #ViralNow #NextLevel
45-Min Video,Mastering Young boy carving human with snow (realistic ice sculpture): 45-Minute Deep Dive,ðŸ”¥ Hook & Big Promise (5 min) | ðŸ“š Background & Context (10 min) | ðŸ›  Core Techniques Explained (15 min) | ðŸš€ Advanced Strategies (10 min) | ðŸŽ¯ Final Action Plan & Call To Action (5 min),This deep 45-minute session reveals powerful strategies about Young boy carving human with snow (realistic ice sculpture) to help you dominate your space.,#Youngboycarvinghumanwithsnow(realisticicesculpture) #NextLevel #ContentKing #Trending #Dominate
45-Min Video,Mastering Young boy carving human with snow (realistic ice sculpture): 45-Minute Deep Dive,ðŸ”¥ Hook & Big Promise (5 min) | ðŸ“š Background & Context (10 min) | ðŸ›  Core Techniques Explained (15 min) | ðŸš€ Advanced Strategies (10 min) | ðŸŽ¯ Final Action Plan & Call To Action (5 min),This deep 45-minute session reveals powerful strategies about Young boy carving human with snow (realistic ice sculpture) to help you dominate your space.,#Youngboycarvinghumanwithsnow(realisticicesculpture) #ContentKing #ViralNow #AlgorithmBoost #MustWatch
20-Second Reel,20-Second Young boy carving human with snow (realistic ice sculpture) Hack That Changes Everything,0-3s: Powerful Hook | 3-10s: Quick Insight | 10-17s: Fast Demonstration | 17-20s: Strong Call To Action,A fast 20-second reel delivering instant value about Young boy carving human with snow (realistic ice sculpture).,#Youngboycarvinghumanwithsnow(realisticicesculpture) #AlgorithmBoost #ContentKing #MustWatch #NextLevel
20-Second Reel,20-Second Young boy carving human with snow (realistic ice sculpture) Hack That Changes Everything,0-3s: Powerful Hook | 3-10s: Quick Insight | 10-17s: Fast Demonstration | 17-20s: Strong Call To Action,A fast 20-second reel delivering instant value about Young boy carving human with snow (realistic ice sculpture).,#Youngboycarvinghumanwithsnow(realisticicesculpture) #NextLevel #ContentKing #Dominate #AlgorithmBoost
20-Second Reel,20-Second Young boy carving human with snow (realistic ice sculpture) Hack That Changes Everything,0-3s: Powerful Hook | 3-10s: Quick Insight | 10-17s: Fast Demonstration | 17-20s: Strong Call To Action,A fast 20-second reel delivering instant value about Young boy carving human with snow (realistic ice sculpture).,#Youngboycarvinghumanwithsnow(realisticicesculpture) #Dominate #MustWatch #NextLevel #ExplosiveGrowth
20-Second Reel,20-Second Young boy carving human with snow (realistic ice sculpture) Hack That Changes Everything,0-3s: Powerful Hook | 3-10s: Quick Insight | 10-17s: Fast Demonstration | 17-20s: Strong Call To Action,A fast 20-second reel delivering instant value about Young boy carving human with snow (realistic ice sculpture).,#Youngboycarvinghumanwithsnow(realisticicesculpture) #ViralNow #MustWatch #ExplosiveGrowth #AlgorithmBoost
Image with Riddle,"I grow in Young boy carving human with snow (realistic ice sculpture), yet I have no roots. I inspire millions but have no voice. What am I?",Can you solve this Young boy carving human with snow (realistic ice sculpture) riddle? Drop your answer below!,Engagement boosting riddle post.,#Youngboycarvinghumanwithsnow(realisticicesculpture) #ContentKing #Dominate #Trending #NextLevel
Image with Riddle,"I grow in Young boy carving human with snow (realistic ice sculpture), yet I have no roots. I inspire millions but have no voice. What am I?",Can you solve this Young boy carving human with snow (realistic ice sculpture) riddle? Drop your answer below!,Engagement boosting riddle post.,#Youngboycarvinghumanwithsnow(realisticicesculpture) #AlgorithmBoost #Dominate #MustWatch #Trending
45-Min Video,Mastering Young boy carving human with wood: 45-Minute Deep Dive,ðŸ”¥ Hook & Big Promise (5 min) | ðŸ“š Background & Context (10 min) | ðŸ›  Core Techniques Explained (15 min) | ðŸš€ Advanced Strategies (10 min) | ðŸŽ¯ Final Action Plan & Call To Action (5 min),This deep 45-minute session reveals powerful strategies about Young boy carving human with wood to help you dominate your space.,#Youngboycarvinghumanwithwood #NextLevel #MustWatch #ExplosiveGrowth #Dominate
45-Min Video,Mastering Young boy carving human with wood: 45-Minute Deep Dive,ðŸ”¥ Hook & Big Promise (5 min) | ðŸ“š Background & Context (10 min) | ðŸ›  Core Techniques Explained (15 min) | ðŸš€ Advanced Strategies (10 min) | ðŸŽ¯ Final Action Plan & Call To Action (5 min),This deep 45-minute session reveals powerful strategies about Young boy carving human with wood to help you dominate your space.,#Youngboycarvinghumanwithwood #NextLevel #ContentKing #AlgorithmBoost #ExplosiveGrowth
20-Second Reel,20-Second Young boy carving human with wood Hack That Changes Everything,0-3s: Powerful Hook | 3-10s: Quick Insight | 10-17s: Fast Demonstration | 17-20s: Strong Call To Action,A fast 20-second reel delivering instant value about Young boy carving human with wood.,#Youngboycarvinghumanwithwood #Dominate #Trending #NextLevel #ContentKing
20-Second Reel,20-Second Young boy carving human with wood Hack That Changes Everything,0-3s: Powerful Hook | 3-10s: Quick Insight | 10-17s: Fast Demonstration | 17-20s: Strong Call To Action,A fast 20-second reel delivering instant value about Young boy carving human with wood.,#Youngboycarvinghumanwithwood #Dominate #ExplosiveGrowth #MustWatch #AlgorithmBoost
20-Second Reel,20-Second Young boy carving human with wood Hack That Changes Everything,0-3s: Powerful Hook | 3-10s: Quick Insight | 10-17s: Fast Demonstration | 17-20s: Strong Call To Action,A fast 20-second reel delivering instant value about Young boy carving human with wood.,#Youngboycarvinghumanwithwood #Dominate #ContentKing #NextLevel #Trending
20-Second Reel,20-Second Young boy carving human with wood Hack That Changes Everything,0-3s: Powerful Hook | 3-10s: Quick Insight | 10-17s: Fast Demonstration | 17-20s: Strong Call To Action,A fast 20-second reel delivering instant value about Young boy carving human with wood.,#Youngboycarvinghumanwithwood #Dominate #AlgorithmBoost #Trending #ViralNow
Image with Riddle,"I grow in Young boy carving human with wood, yet I have no roots. I inspire millions but have no voice. What am I?",Can you solve this Young boy carving human with wood riddle? Drop your answer below!,Engagement boosting riddle post.,#Youngboycarvinghumanwithwood #ExplosiveGrowth #NextLevel #Trending #Dominate
Image with Riddle,"I grow in Young boy carving human with wood, yet I have no roots. I inspire millions but have no voice. What am I?",Can you solve this Young boy carving human with wood riddle? Drop your answer below!,Engagement boosting riddle post.,#Youngboycarvinghumanwithwood #Trending #Dominate #MustWatch #NextLevel
45-Min Video,Mastering Young boy building house from coconut fronds: 45-Minute Deep Dive,ðŸ”¥ Hook & Big Promise (5 min) | ðŸ“š Background & Context (10 min) | ðŸ›  Core Techniques Explained (15 min) | ðŸš€ Advanced Strategies (10 min) | ðŸŽ¯ Final Action Plan & Call To Action (5 min),This deep 45-minute session reveals powerful strategies about Young boy building house from coconut fronds to help you dominate your space.,#Youngboybuildinghousefromcoconutfronds #Dominate #ContentKing #MustWatch #NextLevel
45-Min Video,Mastering Young boy building house from coconut fronds: 45-Minute Deep Dive,ðŸ”¥ Hook & Big Promise (5 min) | ðŸ“š Background & Context (10 min) | ðŸ›  Core Techniques Explained (15 min) | ðŸš€ Advanced Strategies (10 min) | ðŸŽ¯ Final Action Plan & Call To Action (5 min),This deep 45-minute session reveals powerful strategies about Young boy building house from coconut fronds to help you dominate your space.,#Youngboybuildinghousefromcoconutfronds #Dominate #ContentKing #AlgorithmBoost #ExplosiveGrowth
20-Second Reel,20-Second Young boy building house from coconut fronds Hack That Changes Everything,0-3s: Powerful Hook | 3-10s: Quick Insight | 10-17s: Fast Demonstration | 17-20s: Strong Call To Action,A fast 20-second reel delivering instant value about Young boy building house from coconut fronds.,#Youngboybuildinghousefromcoconutfronds #AlgorithmBoost #ViralNow #ContentKing #Dominate
20-Second Reel,20-Second Young boy building house from coconut fronds Hack That Changes Everything,0-3s: Powerful Hook | 3-10s: Quick Insight | 10-17s: Fast Demonstration | 17-20s: Strong Call To Action,A fast 20-second reel delivering instant value about Young boy building house from coconut fronds.,#Youngboybuildinghousefromcoconutfronds #MustWatch #ViralNow #AlgorithmBoost #NextLevel
20-Second Reel,20-Second Young boy building house from coconut fronds Hack That Changes Everything,0-3s: Powerful Hook | 3-10s: Quick Insight | 10-17s: Fast Demonstration | 17-20s: Strong Call To Action,A fast 20-second reel delivering instant value about Young boy building house from coconut fronds.,#Youngboybuildinghousefromcoconutfronds #ContentKing #AlgorithmBoost #MustWatch #ExplosiveGrowth
20-Second Reel,20-Second Young boy building house from coconut fronds Hack That Changes Everything,0-3s: Powerful Hook | 3-10s: Quick Insight | 10-17s: Fast Demonstration | 17-20s: Strong Call To Action,A fast 20-second reel delivering instant value about Young boy building house from coconut fronds.,#Youngboybuildinghousefromcoconutfronds #NextLevel #Dominate #Trending #ViralNow
Image with Riddle,"I grow in Young boy building house from coconut fronds, yet I have no roots. I inspire millions but have no voice. What am I?",Can you solve this Young boy building house from coconut fronds riddle? Drop your answer below!,Engagement boosting riddle post.,#Youngboybuildinghousefromcoconutfronds #ExplosiveGrowth #Trending #AlgorithmBoost #ViralNow
Image with Riddle,"I grow in Young boy building house from coconut fronds, yet I have no roots. I inspire millions but have no voice. What am I?",Can you solve this Young boy building house from coconut fronds riddle? Drop your answer below!,Engagement boosting riddle post.,#Youngboybuildinghousefromcoconutfronds #ExplosiveGrowth #Trending #ViralNow #Dominate
45-Min Video,Mastering Young boy building car from coconut tree leaves: 45-Minute Deep Dive,ðŸ”¥ Hook & Big Promise (5 min) | ðŸ“š Background & Context (10 min) | ðŸ›  Core Techniques Explained (15 min) | ðŸš€ Advanced Strategies (10 min) | ðŸŽ¯ Final Action Plan & Call To Action (5 min),This deep 45-minute session reveals powerful strategies about Young boy building car from coconut tree leaves to help you dominate your space.,#Youngboybuildingcarfromcoconuttreeleaves #Dominate #AlgorithmBoost #ContentKing #ExplosiveGrowth
45-Min Video,Mastering Young boy building car from coconut tree leaves: 45-Minute Deep Dive,ðŸ”¥ Hook & Big Promise (5 min) | ðŸ“š Background & Context (10 min) | ðŸ›  Core Techniques Explained (15 min) | ðŸš€ Advanced Strategies (10 min) | ðŸŽ¯ Final Action Plan & Call To Action (5 min),This deep 45-minute session reveals powerful strategies about Young boy building car from coconut tree leaves to help you dominate your space.,#Youngboybuildingcarfromcoconuttreeleaves #NextLevel #ExplosiveGrowth #ViralNow #MustWatch
20-Second Reel,20-Second Young boy building car from coconut tree leaves Hack That Changes Everything,0-3s: Powerful Hook | 3-10s: Quick Insight | 10-17s: Fast Demonstration | 17-20s: Strong Call To Action,A fast 20-second reel delivering instant value about Young boy building car from coconut tree leaves.,#Youngboybuildingcarfromcoconuttreeleaves #ViralNow #ContentKing #AlgorithmBoost #Trending
20-Second Reel,20-Second Young boy building car from coconut tree leaves Hack That Changes Everything,0-3s: Powerful Hook | 3-10s: Quick Insight | 10-17s: Fast Demonstration | 17-20s: Strong Call To Action,A fast 20-second reel delivering instant value about Young boy building car from coconut tree leaves.,#Youngboybuildingcarfromcoconuttreeleaves #ExplosiveGrowth #Trending #ContentKing #Dominate
20-Second Reel,20-Second Young boy building car from coconut tree leaves Hack That Changes Everything,0-3s: Powerful Hook | 3-10s: Quick Insight | 10-17s: Fast Demonstration | 17-20s: Strong Call To Action,A fast 20-second reel delivering instant value about Young boy building car from coconut tree leaves.,#Youngboybuildingcarfromcoconuttreeleaves #ViralNow #Trending #MustWatch #ContentKing
20-Second Reel,20-Second Young boy building car from coconut tree leaves Hack That Changes Everything,0-3s: Powerful Hook | 3-10s: Quick Insight | 10-17s: Fast Demonstration | 17-20s: Strong Call To Action,A fast 20-second reel delivering instant value about Young boy building car from coconut tree leaves.,#Youngboybuildingcarfromcoconuttreeleaves #NextLevel #Trending #AlgorithmBoost #ViralNow
Image with Riddle,"I grow in Young boy building car from coconut tree leaves, yet I have no roots. I inspire millions but have no voice. What am I?",Can you solve this Young boy building car from coconut tree leaves riddle? Drop your answer below!,Engagement boosting riddle post.,#Youngboybuildingcarfromcoconuttreeleaves #AlgorithmBoost #ViralNow #MustWatch #ContentKing
Image with Riddle,"I grow in Young boy building car from coconut tree leaves, yet I have no roots. I inspire millions but have no voice. What am I?",Can you solve this Young boy building car from coconut tree leaves riddle? Drop your answer below!,Engagement boosting riddle post.,#Youngboybuildingcarfromcoconuttreeleaves #ExplosiveGrowth #Trending #NextLevel #ContentKing
45-Min Video,Mastering Old man giving audience advice: 45-Minute Deep Dive,ðŸ”¥ Hook & Big Promise (5 min) | ðŸ“š Background & Context (10 min) | ðŸ›  Core Techniques Explained (15 min) | ðŸš€ Advanced Strategies (10 min) | ðŸŽ¯ Final Action Plan & Call To Action (5 min),This deep 45-minute session reveals powerful strategies about Old man giving audience advice to help you dominate your space.,#Oldmangivingaudienceadvice #AlgorithmBoost #ContentKing #Dominate #Trending
45-Min Video,Mastering Old man giving audience advice: 45-Minute Deep Dive,ðŸ”¥ Hook & Big Promise (5 min) | ðŸ“š Background & Context (10 min) | ðŸ›  Core Techniques Explained (15 min) | ðŸš€ Advanced Strategies (10 min) | ðŸŽ¯ Final Action Plan & Call To Action (5 min),This deep 45-minute session reveals powerful strategies about Old man giving audience advice to help you dominate your space.,#Oldmangivingaudienceadvice #NextLevel #Dominate #ViralNow #ExplosiveGrowth
20-Second Reel,20-Second Old man giving audience advice Hack That Changes Everything,0-3s: Powerful Hook | 3-10s: Quick Insight | 10-17s: Fast Demonstration | 17-20s: Strong Call To Action,A fast 20-second reel delivering instant value about Old man giving audience advice.,#Oldmangivingaudienceadvice #Trending #NextLevel #ViralNow #Dominate
20-Second Reel,20-Second Old man giving audience advice Hack That Changes Everything,0-3s: Powerful Hook | 3-10s: Quick Insight | 10-17s: Fast Demonstration | 17-20s: Strong Call To Action,A fast 20-second reel delivering instant value about Old man giving audience advice.,#Oldmangivingaudienceadvice #NextLevel #MustWatch #ContentKing #ExplosiveGrowth
20-Second Reel,20-Second Old man giving audience advice Hack That Changes Everything,0-3s: Powerful Hook | 3-10s: Quick Insight | 10-17s: Fast Demonstration | 17-20s: Strong Call To Action,A fast 20-second reel delivering instant value about Old man giving audience advice.,#Oldmangivingaudienceadvice #Trending #NextLevel #ExplosiveGrowth #Dominate
20-Second Reel,20-Second Old man giving audience advice Hack That Changes Everything,0-3s: Powerful Hook | 3-10s: Quick Insight | 10-17s: Fast Demonstration | 17-20s: Strong Call To Action,A fast 20-second reel delivering instant value about Old man giving audience advice.,#Oldmangivingaudienceadvice #AlgorithmBoost #MustWatch #ExplosiveGrowth #Trending
Image with Riddle,"I grow in Old man giving audience advice, yet I have no roots. I inspire millions but have no voice. What am I?",Can you solve this Old man giving audience advice riddle? Drop your answer below!,Engagement boosting riddle post.,#Oldmangivingaudienceadvice #NextLevel #AlgorithmBoost #ViralNow #Trending
Image with Riddle,"I grow in Old man giving audience advice, yet I have no roots. I inspire millions but have no voice. What am I?",Can you solve this Old man giving audience advice riddle? Drop your answer below!,Engagement boosting riddle post.,#Oldmangivingaudienceadvice #Dominate #ContentKing #ViralNow #ExplosiveGrowth
45-Min Video,Mastering Old man teaching success: 45-Minute Deep Dive,ðŸ”¥ Hook & Big Promise (5 min) | ðŸ“š Background & Context (10 min) | ðŸ›  Core Techniques Explained (15 min) | ðŸš€ Advanced Strategies (10 min) | ðŸŽ¯ Final Action Plan & Call To Action (5 min),This deep 45-minute session reveals powerful strategies about Old man teaching success to help you dominate your space.,#Oldmanteachingsuccess #MustWatch #ContentKing #AlgorithmBoost #Trending
45-Min Video,Mastering Old man teaching success: 45-Minute Deep Dive,ðŸ”¥ Hook & Big Promise (5 min) | ðŸ“š Background & Context (10 min) | ðŸ›  Core Techniques Explained (15 min) | ðŸš€ Advanced Strategies (10 min) | ðŸŽ¯ Final Action Plan & Call To Action (5 min),This deep 45-minute session reveals powerful strategies about Old man teaching success to help you dominate your space.,#Oldmanteachingsuccess #Dominate #AlgorithmBoost #ViralNow #Trending
20-Second Reel,20-Second Old man teaching success Hack That Changes Everything,0-3s: Powerful Hook | 3-10s: Quick Insight | 10-17s: Fast Demonstration | 17-20s: Strong Call To Action,A fast 20-second reel delivering instant value about Old man teaching success.,#Oldmanteachingsuccess #ContentKing #ExplosiveGrowth #AlgorithmBoost #NextLevel
20-Second Reel,20-Second Old man teaching success Hack That Changes Everything,0-3s: Powerful Hook | 3-10s: Quick Insight | 10-17s: Fast Demonstration | 17-20s: Strong Call To Action,A fast 20-second reel delivering instant value about Old man teaching success.,#Oldmanteachingsuccess #ContentKing #MustWatch #AlgorithmBoost #NextLevel
20-Second Reel,20-Second Old man teaching success Hack That Changes Everything,0-3s: Powerful Hook | 3-10s: Quick Insight | 10-17s: Fast Demonstration | 17-20s: Strong Call To Action,A fast 20-second reel delivering instant value about Old man teaching success.,#Oldmanteachingsuccess #ExplosiveGrowth #AlgorithmBoost #Trending #NextLevel
20-Second Reel,20-Second Old man teaching success Hack That Changes Everything,0-3s: Powerful Hook | 3-10s: Quick Insight | 10-17s: Fast Demonstration | 17-20s: Strong Call To Action,A fast 20-second reel delivering instant value about Old man teaching success.,#Oldmanteachingsuccess #ContentKing #AlgorithmBoost #NextLevel #Trending
Image with Riddle,"I grow in Old man teaching success, yet I have no roots. I inspire millions but have no voice. What am I?",Can you solve this Old man teaching success riddle? Drop your answer below!,Engagement boosting riddle post.,#Oldmanteachingsuccess #ViralNow #ContentKing #AlgorithmBoost #Dominate
Image with Riddle,"I grow in Old man teaching success, yet I have no roots. I inspire millions but have no voice. What am I?",Can you solve this Old man teaching success riddle? Drop your answer below!,Engagement boosting riddle post.,#Oldmanteachingsuccess #ViralNow #NextLevel #Dominate #MustWatch
45-Min Video,Mastering Old man blessing people: 45-Minute Deep Dive,ðŸ”¥ Hook & Big Promise (5 min) | ðŸ“š Background & Context (10 min) | ðŸ›  Core Techniques Explained (15 min) | ðŸš€ Advanced Strategies (10 min) | ðŸŽ¯ Final Action Plan & Call To Action (5 min),This deep 45-minute session reveals powerful strategies about Old man blessing people to help you dominate your space.,#Oldmanblessingpeople #ExplosiveGrowth #NextLevel #MustWatch #Dominate
45-Min Video,Mastering Old man blessing people: 45-Minute Deep Dive,ðŸ”¥ Hook & Big Promise (5 min) | ðŸ“š Background & Context (10 min) | ðŸ›  Core Techniques Explained (15 min) | ðŸš€ Advanced Strategies (10 min) | ðŸŽ¯ Final Action Plan & Call To Action (5 min),This deep 45-minute session reveals powerful strategies about Old man blessing people to help you dominate your space.,#Oldmanblessingpeople #ExplosiveGrowth #ViralNow #ContentKing #Trending
20-Second Reel,20-Second Old man blessing people Hack That Changes Everything,0-3s: Powerful Hook | 3-10s: Quick Insight | 10-17s: Fast Demonstration | 17-20s: Strong Call To Action,A fast 20-second reel delivering instant value about Old man blessing people.,#Oldmanblessingpeople #MustWatch #Trending #ContentKing #Dominate
20-Second Reel,20-Second Old man blessing people Hack That Changes Everything,0-3s: Powerful Hook | 3-10s: Quick Insight | 10-17s: Fast Demonstration | 17-20s: Strong Call To Action,A fast 20-second reel delivering instant value about Old man blessing people.,#Oldmanblessingpeople #Trending #NextLevel #ContentKing #ExplosiveGrowth
20-Second Reel,20-Second Old man blessing people Hack That Changes Everything,0-3s: Powerful Hook | 3-10s: Quick Insight | 10-17s: Fast Demonstration | 17-20s: Strong Call To Action,A fast 20-second reel delivering instant value about Old man blessing people.,#Oldmanblessingpeople #NextLevel #Trending #AlgorithmBoost #ViralNow
20-Second Reel,20-Second Old man blessing people Hack That Changes Everything,0-3s: Powerful Hook | 3-10s: Quick Insight | 10-17s: Fast Demonstration | 17-20s: Strong Call To Action,A fast 20-second reel delivering instant value about Old man blessing people.,#Oldmanblessingpeople #MustWatch #ExplosiveGrowth #AlgorithmBoost #Dominate
Image with Riddle,"I grow in Old man blessing people, yet I have no roots. I inspire millions but have no voice. What am I?",Can you solve this Old man blessing people riddle? Drop your answer below!,Engagement boosting riddle post.,#Oldmanblessingpeople #ContentKing #MustWatch #NextLevel #AlgorithmBoost
Image with Riddle,"I grow in Old man blessing people, yet I have no roots. I inspire millions but have no voice. What am I?",Can you solve this Old man blessing people riddle? Drop your answer below!,Engagement boosting riddle post.,#Oldmanblessingpeople #ExplosiveGrowth #Trending #ContentKing #NextLevel
45-Min Video,Mastering Futuristic city skyline: 45-Minute Deep Dive,ðŸ”¥ Hook & Big Promise (5 min) | ðŸ“š Background & Context (10 min) | ðŸ›  Core Techniques Explained (15 min) | ðŸš€ Advanced Strategies (10 min) | ðŸŽ¯ Final Action Plan & Call To Action (5 min),This deep 45-minute session reveals powerful strategies about Futuristic city skyline to help you dominate your space.,#Futuristiccityskyline #ExplosiveGrowth #Trending #AlgorithmBoost #ContentKing
45-Min Video,Mastering Futuristic city skyline: 45-Minute Deep Dive,ðŸ”¥ Hook & Big Promise (5 min) | ðŸ“š Background & Context (10 min) | ðŸ›  Core Techniques Explained (15 min) | ðŸš€ Advanced Strategies (10 min) | ðŸŽ¯ Final Action Plan & Call To Action (5 min),This deep 45-minute session reveals powerful strategies about Futuristic city skyline to help you dominate your space.,#Futuristiccityskyline #Trending #ContentKing #ViralNow #Dominate
20-Second Reel,20-Second Futuristic city skyline Hack That Changes Everything,0-3s: Powerful Hook | 3-10s: Quick Insight | 10-17s: Fast Demonstration | 17-20s: Strong Call To Action,A fast 20-second reel delivering instant value about Futuristic city skyline.,#Futuristiccityskyline #MustWatch #AlgorithmBoost #ViralNow #Trending
20-Second Reel,20-Second Futuristic city skyline Hack That Changes Everything,0-3s: Powerful Hook | 3-10s: Quick Insight | 10-17s: Fast Demonstration | 17-20s: Strong Call To Action,A fast 20-second reel delivering instant value about Futuristic city skyline.,#Futuristiccityskyline #ExplosiveGrowth #Trending #MustWatch #AlgorithmBoost
20-Second Reel,20-Second Futuristic city skyline Hack That Changes Everything,0-3s: Powerful Hook | 3-10s: Quick Insight | 10-17s: Fast Demonstration | 17-20s: Strong Call To Action,A fast 20-second reel delivering instant value about Futuristic city skyline.,#Futuristiccityskyline #Dominate #ViralNow #ExplosiveGrowth #MustWatch
20-Second Reel,20-Second Futuristic city skyline Hack That Changes Everything,0-3s: Powerful Hook | 3-10s: Quick Insight | 10-17s: Fast Demonstration | 17-20s: Strong Call To Action,A fast 20-second reel delivering instant value about Futuristic city skyline.,#Futuristiccityskyline #NextLevel #ViralNow #MustWatch #ExplosiveGrowth
Image with Riddle,"I grow in Futuristic city skyline, yet I have no roots. I inspire millions but have no voice. What am I?",Can you solve this Futuristic city skyline riddle? Drop your answer below!,Engagement boosting riddle post.,#Futuristiccityskyline #ExplosiveGrowth #AlgorithmBoost #NextLevel #MustWatch
Image with Riddle,"I grow in Futuristic city skyline, yet I have no roots. I inspire millions but have no voice. What am I?",Can you solve this Futuristic city skyline riddle? Drop your answer below!,Engagement boosting riddle post.,#Futuristiccityskyline #NextLevel #Dominate #ExplosiveGrowth #MustWatch
45-Min Video,Mastering Magical forest with creatures: 45-Minute Deep Dive,ðŸ”¥ Hook & Big Promise (5 min) | ðŸ“š Background & Context (10 min) | ðŸ›  Core Techniques Explained (15 min) | ðŸš€ Advanced Strategies (10 min) | ðŸŽ¯ Final Action Plan & Call To Action (5 min),This deep 45-minute session reveals powerful strategies about Magical forest with creatures to help you dominate your space.,#Magicalforestwithcreatures #ExplosiveGrowth #ViralNow #Dominate #ContentKing
45-Min Video,Mastering Magical forest with creatures: 45-Minute Deep Dive,ðŸ”¥ Hook & Big Promise (5 min) | ðŸ“š Background & Context (10 min) | ðŸ›  Core Techniques Explained (15 min) | ðŸš€ Advanced Strategies (10 min) | ðŸŽ¯ Final Action Plan & Call To Action (5 min),This deep 45-minute session reveals powerful strategies about Magical forest with creatures to help you dominate your space.,#Magicalforestwithcreatures #ViralNow #AlgorithmBoost #Trending #ContentKing
20-Second Reel,20-Second Magical forest with creatures Hack That Changes Everything,0-3s: Powerful Hook | 3-10s: Quick Insight | 10-17s: Fast Demonstration | 17-20s: Strong Call To Action,A fast 20-second reel delivering instant value about Magical forest with creatures.,#Magicalforestwithcreatures #NextLevel #Trending #ExplosiveGrowth #AlgorithmBoost
20-Second Reel,20-Second Magical forest with creatures Hack That Changes Everything,0-3s: Powerful Hook | 3-10s: Quick Insight | 10-17s: Fast Demonstration | 17-20s: Strong Call To Action,A fast 20-second reel delivering instant value about Magical forest with creatures.,#Magicalforestwithcreatures #AlgorithmBoost #ContentKing #ExplosiveGrowth #ViralNow
20-Second Reel,20-Second Magical forest with creatures Hack That Changes Everything,0-3s: Powerful Hook | 3-10s: Quick Insight | 10-17s: Fast Demonstration | 17-20s: Strong Call To Action,A fast 20-second reel delivering instant value about Magical forest with creatures.,#Magicalforestwithcreatures #ViralNow #AlgorithmBoost #NextLevel #MustWatch
20-Second Reel,20-Second Magical forest with creatures Hack That Changes Everything,0-3s: Powerful Hook | 3-10s: Quick Insight | 10-17s: Fast Demonstration | 17-20s: Strong Call To Action,A fast 20-second reel delivering instant value about Magical forest with creatures.,#Magicalforestwithcreatures #AlgorithmBoost #NextLevel #MustWatch #ContentKing
Image with Riddle,"I grow in Magical forest with creatures, yet I have no roots. I inspire millions but have no voice. What am I?",Can you solve this Magical forest with creatures riddle? Drop your answer below!,Engagement boosting riddle post.,#Magicalforestwithcreatures #ExplosiveGrowth #ViralNow #Dominate #MustWatch
Image with Riddle,"I grow in Magical forest with creatures, yet I have no roots. I inspire millions but have no voice. What am I?",Can you solve this Magical forest with creatures riddle? Drop your answer below!,Engagement boosting riddle post.,#Magicalforestwithcreatures #AlgorithmBoost #MustWatch #Dominate #ViralNow
45-Min Video,Mastering Cyberpunk character portrait: 45-Minute Deep Dive,ðŸ”¥ Hook & Big Promise (5 min) | ðŸ“š Background & Context (10 min) | ðŸ›  Core Techniques Explained (15 min) | ðŸš€ Advanced Strategies (10 min) | ðŸŽ¯ Final Action Plan & Call To Action (5 min),This deep 45-minute session reveals powerful strategies about Cyberpunk character portrait to help you dominate your space.,#Cyberpunkcharacterportrait #ExplosiveGrowth #ContentKing #Trending #Dominate
45-Min Video,Mastering Cyberpunk character portrait: 45-Minute Deep Dive,ðŸ”¥ Hook & Big Promise (5 min) | ðŸ“š Background & Context (10 min) | ðŸ›  Core Techniques Explained (15 min) | ðŸš€ Advanced Strategies (10 min) | ðŸŽ¯ Final Action Plan & Call To Action (5 min),This deep 45-minute session reveals powerful strategies about Cyberpunk character portrait to help you dominate your space.,#Cyberpunkcharacterportrait #NextLevel #ViralNow #MustWatch #ExplosiveGrowth
20-Second Reel,20-Second Cyberpunk character portrait Hack That Changes Everything,0-3s: Powerful Hook | 3-10s: Quick Insight | 10-17s: Fast Demonstration | 17-20s: Strong Call To Action,A fast 20-second reel delivering instant value about Cyberpunk character portrait.,#Cyberpunkcharacterportrait #Dominate #ViralNow #Trending #ExplosiveGrowth
20-Second Reel,20-Second Cyberpunk character portrait Hack That Changes Everything,0-3s: Powerful Hook | 3-10s: Quick Insight | 10-17s: Fast Demonstration | 17-20s: Strong Call To Action,A fast 20-second reel delivering instant value about Cyberpunk character portrait.,#Cyberpunkcharacterportrait #Dominate #MustWatch #ExplosiveGrowth #ContentKing
20-Second Reel,20-Second Cyberpunk character portrait Hack That Changes Everything,0-3s: Powerful Hook | 3-10s: Quick Insight | 10-17s: Fast Demonstration | 17-20s: Strong Call To Action,A fast 20-second reel delivering instant value about Cyberpunk character portrait.,#Cyberpunkcharacterportrait #ContentKing #ExplosiveGrowth #Trending #Dominate
20-Second Reel,20-Second Cyberpunk character portrait Hack That Changes Everything,0-3s: Powerful Hook | 3-10s: Quick Insight | 10-17s: Fast Demonstration | 17-20s: Strong Call To Action,A fast 20-second reel delivering instant value about Cyberpunk character portrait.,#Cyberpunkcharacterportrait #ExplosiveGrowth #Trending #ContentKing #ViralNow
Image with Riddle,"I grow in Cyberpunk character portrait, yet I have no roots. I inspire millions but have no voice. What am I?",Can you solve this Cyberpunk character portrait riddle? Drop your answer below!,Engagement boosting riddle post.,#Cyberpunkcharacterportrait #AlgorithmBoost #NextLevel #ViralNow #MustWatch
Image with Riddle,"I grow in Cyberpunk character portrait, yet I have no roots. I inspire millions but have no voice. What am I?",Can you solve this Cyberpunk character portrait riddle? Drop your answer below!,Engagement boosting riddle post.,#Cyberpunkcharacterportrait #ExplosiveGrowth #NextLevel #AlgorithmBoost #ViralNow
45-Min Video,Mastering Realistic portrait of a girl reading: 45-Minute Deep Dive,ðŸ”¥ Hook & Big Promise (5 min) | ðŸ“š Background & Context (10 min) | ðŸ›  Core Techniques Explained (15 min) | ðŸš€ Advanced Strategies (10 min) | ðŸŽ¯ Final Action Plan & Call To Action (5 min),This deep 45-minute session reveals powerful strategies about Realistic portrait of a girl reading to help you dominate your space.,#Realisticportraitofagirlreading #ContentKing #Dominate #MustWatch #Trending
45-Min Video,Mastering Realistic portrait of a girl reading: 45-Minute Deep Dive,ðŸ”¥ Hook & Big Promise (5 min) | ðŸ“š Background & Context (10 min) | ðŸ›  Core Techniques Explained (15 min) | ðŸš€ Advanced Strategies (10 min) | ðŸŽ¯ Final Action Plan & Call To Action (5 min),This deep 45-minute session reveals powerful strategies about Realistic portrait of a girl reading to help you dominate your space.,#Realisticportraitofagirlreading #Trending #ExplosiveGrowth #ContentKing #ViralNow
20-Second Reel,20-Second Realistic portrait of a girl reading Hack That Changes Everything,0-3s: Powerful Hook | 3-10s: Quick Insight | 10-17s: Fast Demonstration | 17-20s: Strong Call To Action,A fast 20-second reel delivering instant value about Realistic portrait of a girl reading.,#Realisticportraitofagirlreading #ContentKing #NextLevel #ViralNow #ExplosiveGrowth
20-Second Reel,20-Second Realistic portrait of a girl reading Hack That Changes Everything,0-3s: Powerful Hook | 3-10s: Quick Insight | 10-17s: Fast Demonstration | 17-20s: Strong Call To Action,A fast 20-second reel delivering instant value about Realistic portrait of a girl reading.,#Realisticportraitofagirlreading #Trending #Dominate #ViralNow #AlgorithmBoost
20-Second Reel,20-Second Realistic portrait of a girl reading Hack That Changes Everything,0-3s: Powerful Hook | 3-10s: Quick Insight | 10-17s: Fast Demonstration | 17-20s: Strong Call To Action,A fast 20-second reel delivering instant value about Realistic portrait of a girl reading.,#Realisticportraitofagirlreading #MustWatch #Trending #ExplosiveGrowth #Dominate
20-Second Reel,20-Second Realistic portrait of a girl reading Hack That Changes Everything,0-3s: Powerful Hook | 3-10s: Quick Insight | 10-17s: Fast Demonstration | 17-20s: Strong Call To Action,A fast 20-second reel delivering instant value about Realistic portrait of a girl reading.,#Realisticportraitofagirlreading #Trending #AlgorithmBoost #ContentKing #NextLevel
Image with Riddle,"I grow in Realistic portrait of a girl reading, yet I have no roots. I inspire millions but have no voice. What am I?",Can you solve this Realistic portrait of a girl reading riddle? Drop your answer below!,Engagement boosting riddle post.,#Realisticportraitofagirlreading #ViralNow #ExplosiveGrowth #Dominate #Trending
Image with Riddle,"I grow in Realistic portrait of a girl reading, yet I have no roots. I inspire millions but have no voice. What am I?",Can you solve this Realistic portrait of a girl reading riddle? Drop your answer below!,Engagement boosting riddle post.,#Realisticportraitofagirlreading #MustWatch #ViralNow #Dominate #Trending
45-Min Video,Mastering Detailed sketch of an old town street: 45-Minute Deep Dive,ðŸ”¥ Hook & Big Promise (5 min) | ðŸ“š Background & Context (10 min) | ðŸ›  Core Techniques Explained (15 min) | ðŸš€ Advanced Strategies (10 min) | ðŸŽ¯ Final Action Plan & Call To Action (5 min),This deep 45-minute session reveals powerful strategies about Detailed sketch of an old town street to help you dominate your space.,#Detailedsketchofanoldtownstreet #Trending #ContentKing #NextLevel #Dominate
45-Min Video,Mastering Detailed sketch of an old town street: 45-Minute Deep Dive,ðŸ”¥ Hook & Big Promise (5 min) | ðŸ“š Background & Context (10 min) | ðŸ›  Core Techniques Explained (15 min) | ðŸš€ Advanced Strategies (10 min) | ðŸŽ¯ Final Action Plan & Call To Action (5 min),This deep 45-minute session reveals powerful strategies about Detailed sketch of an old town street to help you dominate your space.,#Detailedsketchofanoldtownstreet #MustWatch #ExplosiveGrowth #ViralNow #AlgorithmBoost
20-Second Reel,20-Second Detailed sketch of an old town street Hack That Changes Everything,0-3s: Powerful Hook | 3-10s: Quick Insight | 10-17s: Fast Demonstration | 17-20s: Strong Call To Action,A fast 20-second reel delivering instant value about Detailed sketch of an old town street.,#Detailedsketchofanoldtownstreet #Trending #AlgorithmBoost #ContentKing #ExplosiveGrowth
20-Second Reel,20-Second Detailed sketch of an old town street Hack That Changes Everything,0-3s: Powerful Hook | 3-10s: Quick Insight | 10-17s: Fast Demonstration | 17-20s: Strong Call To Action,A fast 20-second reel delivering instant value about Detailed sketch of an old town street.,#Detailedsketchofanoldtownstreet #AlgorithmBoost #ViralNow #Trending #ContentKing
20-Second Reel,20-Second Detailed sketch of an old town street Hack That Changes Everything,0-3s: Powerful Hook | 3-10s: Quick Insight | 10-17s: Fast Demonstration | 17-20s: Strong Call To Action,A fast 20-second reel delivering instant value about Detailed sketch of an old town street.,#Detailedsketchofanoldtownstreet #MustWatch #ViralNow #Dominate #ExplosiveGrowth
20-Second Reel,20-Second Detailed sketch of an old town street Hack That Changes Everything,0-3s: Powerful Hook | 3-10s: Quick Insight | 10-17s: Fast Demonstration | 17-20s: Strong Call To Action,A fast 20-second reel delivering instant value about Detailed sketch of an old town street.,#Detailedsketchofanoldtownstreet #Trending #ExplosiveGrowth #Dominate #MustWatch
Image with Riddle,"I grow in Detailed sketch of an old town street, yet I have no roots. I inspire millions but have no voice. What am I?",Can you solve this Detailed sketch of an old town street riddle? Drop your answer below!,Engagement boosting riddle post.,#Detailedsketchofanoldtownstreet #ViralNow #NextLevel #Trending #MustWatch
Image with Riddle,"I grow in Detailed sketch of an old town street, yet I have no roots. I inspire millions but have no voice. What am I?",Can you solve this Detailed sketch of an old town street riddle? Drop your answer below!,Engagement boosting riddle post.,#Detailedsketchofanoldtownstreet #ExplosiveGrowth #ContentKing #MustWatch #NextLevel
45-Min Video,Mastering Nature landscape with shadows and light: 45-Minute Deep Dive,ðŸ”¥ Hook & Big Promise (5 min) | ðŸ“š Background & Context (10 min) | ðŸ›  Core Techniques Explained (15 min) | ðŸš€ Advanced Strategies (10 min) | ðŸŽ¯ Final Action Plan & Call To Action (5 min),This deep 45-minute session reveals powerful strategies about Nature landscape with shadows and light to help you dominate your space.,#Naturelandscapewithshadowsandlight #ContentKing #AlgorithmBoost #MustWatch #ViralNow
45-Min Video,Mastering Nature landscape with shadows and light: 45-Minute Deep Dive,ðŸ”¥ Hook & Big Promise (5 min) | ðŸ“š Background & Context (10 min) | ðŸ›  Core Techniques Explained (15 min) | ðŸš€ Advanced Strategies (10 min) | ðŸŽ¯ Final Action Plan & Call To Action (5 min),This deep 45-minute session reveals powerful strategies about Nature landscape with shadows and light to help you dominate your space.,#Naturelandscapewithshadowsandlight #AlgorithmBoost #NextLevel #ExplosiveGrowth #Dominate
20-Second Reel,20-Second Nature landscape with shadows and light Hack That Changes Everything,0-3s: Powerful Hook | 3-10s: Quick Insight | 10-17s: Fast Demonstration | 17-20s: Strong Call To Action,A fast 20-second reel delivering instant value about Nature landscape with shadows and light.,#Naturelandscapewithshadowsandlight #AlgorithmBoost #MustWatch #Trending #Dominate
20-Second Reel,20-Second Nature landscape with shadows and light Hack That Changes Everything,0-3s: Powerful Hook | 3-10s: Quick Insight | 10-17s: Fast Demonstration | 17-20s: Strong Call To Action,A fast 20-second reel delivering instant value about Nature landscape with shadows and light.,#Naturelandscapewithshadowsandlight #ViralNow #ContentKing #Dominate #Trending
20-Second Reel,20-Second Nature landscape with shadows and light Hack That Changes Everything,0-3s: Powerful Hook | 3-10s: Quick Insight | 10-17s: Fast Demonstration | 17-20s: Strong Call To Action,A fast 20-second reel delivering instant value about Nature landscape with shadows and light.,#Naturelandscapewithshadowsandlight #NextLevel #Dominate #ViralNow #ExplosiveGrowth
20-Second Reel,20-Second Nature landscape with shadows and light Hack That Changes Everything,0-3s: Powerful Hook | 3-10s: Quick Insight | 10-17s: Fast Demonstration | 17-20s: Strong Call To Action,A fast 20-second reel delivering instant value about Nature landscape with shadows and light.,#Naturelandscapewithshadowsandlight #Dominate #AlgorithmBoost #ViralNow #MustWatch
Image with Riddle,"I grow in Nature landscape with shadows and light, yet I have no roots. I inspire millions but have no voice. What am I?",Can you solve this Nature landscape with shadows and light riddle? Drop your answer below!,Engagement boosting riddle post.,#Naturelandscapewithshadowsandlight #ContentKing #ExplosiveGrowth #NextLevel #ViralNow
Image with Riddle,"I grow in Nature landscape with shadows and light, yet I have no roots. I inspire millions but have no voice. What am I?",Can you solve this Nature landscape with shadows and light riddle? Drop your answer below!,Engagement boosting riddle post.,#Naturelandscapewithshadowsandlight #NextLevel #ContentKing #ExplosiveGrowth #Dominate
